company_name,address,city,county,state,zip
"Benton, John B Jr",6649 N Blue Gum St,New Orleans,Orleans,LA,70116
"Chanay, Jeffrey A Esq",4 B Blue Ridge Blvd,Brighton,Livingston,MI,48116
"Chemel, James L Cpa",8 W Cerritos Ave #54,Bridgeport,Gloucester,NJ,8014
Feltz Printing Service,639 Main St,Anchorage,Anchorage,AK,99501
Printing Dimensions,34 Center St,Hamilton,Butler,OH,45011
"Chapman, Ross E Esq",3 Mcauley Dr,Ashland,Ashland,OH,44805
Morlong Associates,7 Eads St,Chicago,Cook,IL,60632
Commercial Press,7 W Jackson Blvd,San Jose,Santa Clara,CA,95111
Truhlar And Truhlar Attys,5 Boston Ave #88,Sioux Falls,Minnehaha,SD,57105
"King, Christopher A Esq",228 Runamuck Pl #2808,Baltimore,Baltimore City,MD,21224
"Dorl, James J Esq",2371 Jerrold Ave,Kulpsville,Montgomery,PA,19443
Rangoni Of Florence,37275 St  Rt 17m M,Middle Island,Suffolk,NY,11953
Feiner Bros,25 E 75th St #69,Los Angeles,Los Angeles,CA,90034
Buckley Miller & Wright,98 Connecticut Ave Nw,Chagrin Falls,Geauga,OH,44023
"Rousseaux, Michael Esq",56 E Morehead St,Laredo,Webb,TX,78045
Century Communications,73 State Road 434 E,Phoenix,Maricopa,AZ,85013
"Bolton, Wilbur Esq",69734 E Carrillo St,Mc Minnville,Warren,TN,37110
T M Byxbee Company Pc,322 New Horizon Blvd,Milwaukee,Milwaukee,WI,53207
Farmers Insurance Group,1 State Route 27,Taylor,Wayne,MI,48180
Post Box Services Plus,394 Manchester Blvd,Rockford,Winnebago,IL,61109
Sport En Art,6 S 33rd St,Aston,Delaware,PA,19014
C 4 Network Inc,6 Greenleaf Ave,San Jose,Santa Clara,CA,95111
"Ingalls, Donald R Esq",618 W Yakima Ave,Irving,Dallas,TX,75062
"Franklin, Peter L Esq",74 S Westgate St,Albany,Albany,NY,12204
Wtlz Power 107 Fm,3273 State St,Middlesex,Middlesex,NJ,8846
"Ledecky, David Esq",1 Central Ave,Stevens Point,Portage,WI,54481
Professional Image Inc,86 Nw 66th St #8673,Shawnee,Johnson,KS,66218
"Sider, Donald C Esq",2 Cedar Ave #84,Easton,Talbot,MD,21601
U Pull It,90991 Thorburn Ave,New York,New York,NY,10011
"Clark, Richard Cpa",386 9th Ave N,Conroe,Montgomery,TX,77301
"Moskowitz, Barry S",74874 Atlantic Ave,Columbus,Franklin,OH,43215
Cascade Realty Advisors Inc,366 South Dr,Las Cruces,Dona Ana,NM,88011
Knwz Newsradio,45 E Liberty St,Ridgefield Park,Bergen,NJ,7660
"Giampetro, Anthony D",4 Ralph Ct,Dunellen,Middlesex,NJ,8812
Milford Enterprises Inc,2742 Distribution Way,New York,New York,NY,10025
"Mosocco, Ronald A",426 Wolf St,Metairie,Jefferson,LA,70002
Tri State Refueler Co,128 Bransten Rd,New York,New York,NY,10011
Parkway Company,17 Morena Blvd,Camarillo,Ventura,CA,93012
Fbs Business Finance,775 W 17th St,San Antonio,Bexar,TX,78204
Eder Assocs Consltng Engrs Pc,6980 Dorsett Rd,Abilene,Dickinson,KS,67410
Tri M Tool Inc,2881 Lewis Rd,Prineville,Crook,OR,97754
International Eyelets Inc,7219 Woodfield Rd,Overland Park,Johnson,KS,66204
Rapid Trading Intl,1048 Main St,Fairbanks,Fairbanks North Star,AK,99708
Abc Enterprises Inc,678 3rd Ave,Miami,Miami-Dade,FL,33196
Cindy Turner Associates,20 S Babcock St,Fairbanks,Fairbanks North Star,AK,99712
"Stanton, James D Esq",2 Lighthouse Ave,Hopkins,Hennepin,MN,55343
Grace Pastries Inc,38938 Park Blvd,Boston,Suffolk,MA,2128
"Schroer, Gene E Esq",5 Tomahawk Dr,Los Angeles,Los Angeles,CA,90006
Knights Inn,762 S Main St,Madison,Dane,WI,53711
Bollinger Mach Shp & Shipyard,209 Decker Dr,Philadelphia,Philadelphia,PA,19132